ID,State_FIPS,Name,Region_type,State,diversity_2012,diversity_2013,diversity_2014,diversity_2015
101,1,Anniston,MSA,Alabama,0.633608383884581,0.6306152021622281,0.6454936863265026,0.6386241023734112
101,1,Oxford,MSA,Alabama,0.633608383884581,0.6306152021622281,0.6454936863265026,0.6386241023734112
101,1,Jacksonville,MSA,Alabama,0.633608383884581,0.6306152021622281,0.6454936863265026,0.6386241023734112
102,1,Birmingham,CSA,Alabama,0.5566801015352665,0.5412139251914612,0.5513314661788813,0.549209704958835
102,1,Hoover,CSA,Alabama,0.5566801015352665,0.5412139251914612,0.5513314661788813,0.549209704958835
102,1,Talladega,CSA,Alabama,0.5566801015352665,0.5412139251914612,0.5513314661788813,0.549209704958835
103,1,Chattanooga,CSA,Alabama,0.7363873148379985,0.7275287901343692,0.7450823487521887,0.7438011247487074
103,1,Cleveland,CSA,Alabama,0.7363873148379985,0.7275287901343692,0.7450823487521887,0.7438011247487074
103,1,Dalton,CSA,Alabama,0.7363873148379985,0.7275287901343692,0.7450823487521887,0.7438011247487074
104,1,Columbus,CSA,Alabama,0.739540375472917,0.7386247560770284,0.7504840374022529,0.7464955525451153
104,1,Auburn,CSA,Alabama,0.739540375472917,0.7386247560770284,0.7504840374022529,0.7464955525451153
104,1,Opelika,CSA,Alabama,0.739540375472917,0.7386247560770284,0.7504840374022529,0.7464955525451153
105,1,Dothan,CSA,Alabama,0.690809373038925,0.6920179276734245,0.7005864400184658,0.6933824045803116
105,1,Enterprise,CSA,Alabama,0.690809373038925,0.6920179276734245,0.7005864400184658,0.6933824045803116
105,1,Ozark,CSA,Alabama,0.690809373038925,0.6920179276734245,0.7005864400184658,0.6933824045803116
106,1,Florence,MSA,Alabama,0.7996737447738184,0.7923115221926719,0.8008818141117674,0.8004581650637347
106,1,Muscle Shoals,MSA,Alabama,0.7996737447738184,0.7923115221926719,0.8008818141117674,0.8004581650637347
107,1,Gadsden,MSA,Alabama,0.6321998952002099,0.6290907194089776,0.644031913049573,0.6371571915152963
108,1,Huntsville,CSA,Alabama,0.7302290984025078,0.7261832659705807,0.7366827084014219,0.7362627195728422
108,1,Decatur,CSA,Alabama,0.7302290984025078,0.7261832659705807,0.7366827084014219,0.7362627195728422
108,1,Albertville,CSA,Alabama,0.7302290984025078,0.7261832659705807,0.7366827084014219,0.7362627195728422
109,1,Mobile,CSA,Alabama,0.4459427265044571,0.4471935398061026,0.4432109088080301,0.4415992899581836
109,1,Daphne,CSA,Alabama,0.4459427265044571,0.4471935398061026,0.4432109088080301,0.4415992899581836
109,1,Fairhope,CSA,Alabama,0.4459427265044571,0.4471935398061026,0.4432109088080301,0.4415992899581836
110,1,Montgomery,MSA,Alabama,0.7305151189551922,0.727550423803391,0.7384990576746266,0.7321292050949304
111,1,Tuscaloosa,MSA,Alabama,0.5761099685486557,0.5737301522915825,0.5811911323165208,0.5818696572209274
199,1,Remainder of Alabama,RS,Alabama,0.6931641692885353,0.6928697048384965,0.6888285742610114,0.6904993052952562
401,4,Flagstaff,MSA,Arizona,0.47109977414239146,0.48035266498970364,0.4923229872279612,0.4879679205391887
402,4,Las Vegas,CSA,Arizona,0.39166924152140203,0.3852767102283114,0.3921242322848493,0.3939155018966649
402,4,Henderson,CSA,Arizona,0.39166924152140203,0.3852767102283114,0.3921242322848493,0.3939155018966649
403,4,Phoenix,MSA,Arizona,0.6409682296719201,0.6249472790971944,0.6390114649336196,0.6364410730412061
403,4,Mesa,MSA,Arizona,0.6409682296719201,0.6249472790971944,0.6390114649336196,0.6364410730412061
403,4,Scottsdale,MSA,Arizona,0.6409682296719201,0.6249472790971944,0.6390114649336196,0.6364410730412061
404,4,Prescott,MSA,Arizona,0.3625768261251481,0.3692378383364988,0.3727299633937463,0.3746487605263097
405,4,Sierra Vista,MSA,Arizona,0.41006188846275565,0.40756697123485813,0.40504484371952837,0.40361330484942387
405,4,Douglas,MSA,Arizona,0.41006188846275565,0.40756697123485813,0.40504484371952837,0.40361330484942387
406,4,Tucson,CSA,Arizona,0.35998496951465364,0.34922833092564465,0.34734722051171973,0.3463563640222104
406,4,Nogales,CSA,Arizona,0.35998496951465364,0.34922833092564465,0.34734722051171973,0.3463563640222104
407,4,Yuma,MSA,Arizona,0.41543247799930266,0.4136475356649818,0.4105892357158419,0.4088496792018141
499,4,Remainder of Arizona,RS,Arizona,0.4659968756458189,0.4719208923684592,0.4746438549751837,0.4727137617474784
501,5,Fayetteville,MSA,Missouri,0.6887034105464258,0.6706635536659671,0.6806445019621843,0.6880888975536087
501,5,Springdale,MSA,Missouri,0.6887034105464258,0.6706635536659671,0.6806445019621843,0.6880888975536087
501,5,Rogers,MSA,Missouri,0.6887034105464258,0.6706635536659671,0.6806445019621843,0.6880888975536087
502,5,Fort Smith,MSA,Oklahoma,0.6926399096488431,0.674603384088996,0.695747975344253,0.6943334014398804
503,5,Hot Springs,CSA,Arkansas,0.6062683544261589,0.5805742004266863,0.606208298978869,0.6044743621948205
503,5,Malvern,CSA,Arkansas,0.6062683544261589,0.5805742004266863,0.606208298978869,0.6044743621948205
504,5,Jonesboro,CSA,Arkansas,0.5947163993501743,0.5716914865664832,0.5906173357649057,0.59242354509865
504,5,Paragould,CSA,Arkansas,0.5947163993501743,0.5716914865664832,0.5906173357649057,0.59242354509865
505,5,Little Rock,CSA,Arkansas,0.6214709032808982,0.5958351175428256,0.6216940738168366,0.6181270138847145
505,5,North Little Rock,CSA,Arkansas,0.6214709032808982,0.5958351175428256,0.6216940738168366,0.6181270138847145
506,5,Memphis,CSA,Arkansas,0.7176529762496383,0.7037193707910175,0.7200534535493734,0.7172522250441291
506,5,Forrest City,CSA,Arkansas,0.7176529762496383,0.7037193707910175,0.7200534535493734,0.7172522250441291
507,5,Texarkana,MSA,Arkansas,0.6459171572198428,0.6328260346068962,0.6545485233502435,0.6511074540308868
599,5,Remainder of Arkansas,RS,Arkansas,0.7345921293726632,0.7209972301283172,0.7230766842581604,0.7342425234382746
601,6,Bakersfield,MSA,California,0.48203514419512067,0.47758734464383834,0.4667044421510029,0.4747830104560449
602,6,Chico,MSA,California,0.3909469146391419,0.3760635118729715,0.39956776675500816,0.4012570553843027
603,6,El Centro,MSA,California,0.43008126150714493,0.4265837066787865,0.42862560326854005,0.4382021540246439
604,6,Fresno,CSA,California,0.5183768453089876,0.5123569410803542,0.5123926564737433,0.5123479650491493
604,6,Madera,CSA,California,0.5183768453089876,0.5123569410803542,0.5123926564737433,0.5123479650491493
605,6,Los Angeles,CSA,California,0.6910452757620147,0.6771853773624602,0.6973707956457852,0.6957926698856406
605,6,Long Beach,CSA,California,0.6910452757620147,0.6771853773624602,0.6973707956457852,0.6957926698856406
606,6,Modesto,CSA,California,0.45640266880761327,0.44350736473050584,0.4631004338837938,0.4501123450339845
606,6,Merced,CSA,California,0.45640266880761327,0.44350736473050584,0.4631004338837938,0.4501123450339845
607,6,Redding,CSA,California,0.4780361136610952,0.46880312631384613,0.45933356524102203,0.4671357689213406
607,6,Red Bluff,CSA,California,0.4780361136610952,0.46880312631384613,0.45933356524102203,0.4671357689213406
608,6,Sacramento,CSA,California,0.3306968562248238,0.3251068924680418,0.3264782256676574,0.32852340802766783
608,6,Roseville,CSA,California,0.3306968562248238,0.3251068924680418,0.3264782256676574,0.32852340802766783
609,6,Salinas,MSA,California,0.4601191057110726,0.44416862344542385,0.44795672194567027,0.4522213715175168
610,6,San Diego,MSA,California,0.3486587109981974,0.34896156326935424,0.33268558816990046,0.3557542661373669
610,6,Carlsbad,MSA,California,0.3486587109981974,0.34896156326935424,0.33268558816990046,0.3557542661373669
611,6,San Jose,CSA,California,0.490315540208651,0.48007344872446245,0.4986393374230486,0.4939097758106704
611,6,San Francisco,CSA,California,0.490315540208651,0.48007344872446245,0.4986393374230486,0.4939097758106704
611,6,Oakland,CSA,California,0.490315540208651,0.48007344872446245,0.4986393374230486,0.4939097758106704
612,6,San Luis Obispo,MSA,California,0.46524242711425534,0.45916845337309903,0.45881261707935767,0.45857612704408
612,6,Paso Robles,MSA,California,0.46524242711425534,0.45916845337309903,0.45881261707935767,0.45857612704408
612,6,Arroyo Grande,MSA,California,0.46524242711425534,0.45916845337309903,0.45881261707935767,0.45857612704408
613,6,Santa Maria,MSA,California,0.4845571807724297,0.4719323308882628,0.43685893165201295,0.47466288376627624
613,6,Santa Barbara,MSA,California,0.4845571807724297,0.4719323308882628,0.43685893165201295,0.47466288376627624
614,6,Visalia,CSA,California,0.47500709713967815,0.4600579110465339,0.47259113471191827,0.4687367284953947
614,6,Porterville,CSA,California,0.47500709713967815,0.4600579110465339,0.47259113471191827,0.4687367284953947
614,6,Hanford,CSA,California,0.47500709713967815,0.4600579110465339,0.47259113471191827,0.4687367284953947
699,6,Remainder of California,RS,California,0.47789418342836854,0.46882511586461906,0.46915091473166515,0.4758529921436173
801,8,Colorado Springs,MSA,Colorado,0.3008924458903538,0.29307775646059053,0.2893834253228506,0.2853534702869194
802,8,Denver,CSA,Colorado,0.545522131876888,0.5366550940348378,0.5636428546848021,0.5417352790395363
802,8,Aurora,CSA,Colorado,0.545522131876888,0.5366550940348378,0.5636428546848021,0.5417352790395363
803,8,Edwards,CSA,Colorado,0.2890740288039808,0.28122654663563296,0.2821168415130545,0.2782484515499951
803,8,Glenwood Springs,CSA,Colorado,0.2890740288039808,0.28122654663563296,0.2821168415130545,0.2782484515499951
804,8,Fort Collins,MSA,Colorado,0.34331909377997283,0.33511948775939565,0.33763969107160174,0.3338838710594905
805,8,Grand Junction,MSA,Colorado,0.22052116175864223,0.21616027994025777,0.21915680565750892,0.21463566082630958
806,8,Pueblo,CSA,California,0.38996379900535905,0.3810178724816713,0.37929986362508383,0.37591303457092606
807,8,Steamboat Springs,CSA,Colorado,0.2827502551646639,0.2749764066603846,0.27664971882579725,0.27297227517122813
807,8,Craig,CSA,Colorado,0.2827502551646639,0.2749764066603846,0.27664971882579725,0.27297227517122813
899,8,Remainder of Colorado,RS,Colorado,0.4374606803307335,0.43640431124703727,0.42915581747354303,0.4247516231671836
901,9,Boston,CSA,Connecticut,0.6299915759627686,0.6265082847396005,0.6280777233159469,0.6278503242082946
901,9,Worcester,CSA,Connecticut,0.6299915759627686,0.6265082847396005,0.6280777233159469,0.6278503242082946
901,9,Providence,CSA,Connecticut,0.6299915759627686,0.6265082847396005,0.6280777233159469,0.6278503242082946
902,9,Hartford,MSA,Connecticut,0.32085607099761426,0.32158774002686646,0.32243222623701273,0.32459917019633416
902,9,West Hartford,MSA,Connecticut,0.32085607099761426,0.32158774002686646,0.32243222623701273,0.32459917019633416
902,9,East Hartford,MSA,Connecticut,0.32085607099761426,0.32158774002686646,0.32243222623701273,0.32459917019633416
903,9,New York,CSA,Pennsylvania,0.6988355069921599,0.6919568907699687,0.7013665100755421,0.6979992661511109
903,9,Newark,CSA,Pennsylvania,0.6988355069921599,0.6919568907699687,0.7013665100755421,0.6979992661511109
999,9,Remainder of Connecticut,RS,Connecticut,0.26892186498376675,0.27634173734155904,0.2790519184695391,0.2812927092690303
1001,10,Philadelphia,CSA,Maryland,0.6527065688555425,0.6480960212792068,0.655781123732179,0.6574220908757475
1001,10,Reading,CSA,Maryland,0.6527065688555425,0.6480960212792068,0.655781123732179,0.6574220908757475
1001,10,Camden,CSA,Maryland,0.6527065688555425,0.6480960212792068,0.655781123732179,0.6574220908757475
1002,10,Salisbury,MSA,Delaware,0.4678482848197084,0.46614602966744134,0.4647445822192464,0.4638889163571349
1101,11,Washington,MSA,West Virginia,0.6881777672268817,0.6860520823731915,0.6603623280719038,0.671079545240462
1101,11,Arlington,MSA,West Virginia,0.6881777672268817,0.6860520823731915,0.6603623280719038,0.671079545240462
1101,11,Alexandria,MSA,West Virginia,0.6881777672268817,0.6860520823731915,0.6603623280719038,0.671079545240462
1201,12,Cape Coral,CSA,Florida,0.5638405772300439,0.5485056132842568,0.5646538369236329,0.5639108711551196
1201,12,Fort Myers,CSA,Florida,0.5638405772300439,0.5485056132842568,0.5646538369236329,0.5639108711551196
1201,12,Naples,CSA,Florida,0.5638405772300439,0.5485056132842568,0.5646538369236329,0.5639108711551196
1202,12,Crestview,MSA,Florida,0.625553213836592,0.6141757388578888,0.623991342197315,0.6212641142007729
1202,12,Fort Walton Beach,MSA,Florida,0.625553213836592,0.6141757388578888,0.623991342197315,0.6212641142007729
1202,12,Destin,MSA,Florida,0.625553213836592,0.6141757388578888,0.623991342197315,0.6212641142007729
1203,12,Gainesville,CSA,Florida,0.550064264087949,0.5316693159606911,0.5443190576800596,0.5427771952682054
1203,12,Lake City,CSA,Florida,0.550064264087949,0.5316693159606911,0.5443190576800596,0.5427771952682054
1204,12,Homosassa Springs,MSA,Florida,0.5401809938858279,0.5226701982571555,0.5406587543742708,0.5401892359874336
1205,12,Jacksonville,CSA,Georgia,0.5165894071145045,0.5156987853320277,0.5180583401490786,0.5187310376057459
1205,12,St. Marys,CSA,Georgia,0.5165894071145045,0.5156987853320277,0.5180583401490786,0.5187310376057459
1205,12,Palatka,CSA,Georgia,0.5165894071145045,0.5156987853320277,0.5180583401490786,0.5187310376057459
1206,12,Lakeland,MSA,Florida,0.5992852389941989,0.5819260398439141,0.5924412321775797,0.5918471912746682
1206,12,Winter Haven,MSA,Florida,0.5992852389941989,0.5819260398439141,0.5924412321775797,0.5918471912746682
1207,12,Miami,CSA,Florida,0.6291494625982652,0.6256514367704917,0.6254869778741733,0.6281001917563171
1207,12,Fort Lauderdale,CSA,Florida,0.6291494625982652,0.6256514367704917,0.6254869778741733,0.6281001917563171
1207,12,Port St. Lucie,CSA,Florida,0.6291494625982652,0.6256514367704917,0.6254869778741733,0.6281001917563171
1208,12,North Port,CSA,Florida,0.5969602924935726,0.5796232686056175,0.5907252213927976,0.5891554039264286
1208,12,Sarasota,CSA,Florida,0.5969602924935726,0.5796232686056175,0.5907252213927976,0.5891554039264286
1209,12,Ocala,MSA,Florida,0.5812662993772745,0.5630376235783476,0.5760732595390394,0.5749807066827481
1210,12,Orlando,CSA,Florida,0.6059512933824612,0.5954527761805934,0.6043484356671334,0.6011056988238531
1210,12,Deltona,CSA,Florida,0.6059512933824612,0.5954527761805934,0.6043484356671334,0.6011056988238531
1210,12,Daytona Beach,CSA,Florida,0.6059512933824612,0.5954527761805934,0.6043484356671334,0.6011056988238531
1211,12,Palm Bay,MSA,Florida,0.557656521980479,0.5430813810988099,0.5534029449524458,0.5533957024270107
1211,12,Melbourne,MSA,Florida,0.557656521980479,0.5430813810988099,0.5534029449524458,0.5533957024270107
1211,12,Titusville,MSA,Florida,0.557656521980479,0.5430813810988099,0.5534029449524458,0.5533957024270107
1212,12,Panama City,MSA,Florida,0.5787064691881028,0.5692465340150784,0.5789092919636811,0.5753451281105529
1213,12,Pensacola,MSA,Florida,0.5655592299363229,0.5557738521922949,0.5617773998797119,0.5590976482854944
1213,12,Ferry Pass,MSA,Florida,0.5655592299363229,0.5557738521922949,0.5617773998797119,0.5590976482854944
1213,12,Brent,MSA,Florida,0.5655592299363229,0.5557738521922949,0.5617773998797119,0.5590976482854944
1214,12,Sebring,MSA,Florida,0.5049078124203962,0.49462671082260773,0.5073110624809315,0.503230301691621
1215,12,Tallahassee,CSA,Georgia,0.7015608385173696,0.6950310867414597,0.7002338456248597,0.6981997408962491
1215,12,Bainbridge,CSA,Georgia,0.7015608385173696,0.6950310867414597,0.7002338456248597,0.6981997408962491
1216,12,Tampa,MSA,Florida,0.4989221160655798,0.4901264878714049,0.4944898150361088,0.4948440872190653
1216,12,St. Petersburg,MSA,Florida,0.4989221160655798,0.4901264878714049,0.4944898150361088,0.4948440872190653
1216,12,Clearwater,MSA,Florida,0.4989221160655798,0.4901264878714049,0.4944898150361088,0.4948440872190653
1299,12,Remainder of Florida,RS,Florida,0.693081254274185,0.6818244547102373,0.6921063261843602,0.6886190939554174
1301,13,Albany,MSA,Georgia,0.661157939366945,0.6579893239162791,0.6640419917694993,0.6629423676016827
1302,13,Atlanta,CSA,Georgia,0.7032997829898324,0.7022196858365671,0.7109348925407467,0.709072278858172
1302,13,,CSA,Georgia,0.7032997829898324,0.7022196858365671,0.7109348925407467,0.709072278858172
1302,13,Athens,CSA,Georgia,0.7032997829898324,0.7022196858365671,0.7109348925407467,0.709072278858172
1302,13,Clarke County,CSA,Georgia,0.7032997829898324,0.7022196858365671,0.7109348925407467,0.709072278858172
1302,13,,CSA,Georgia,0.7032997829898324,0.7022196858365671,0.7109348925407467,0.709072278858172
1302,13,Sandy Springs,CSA,Georgia,0.7032997829898324,0.7022196858365671,0.7109348925407467,0.709072278858172
1303,13,Augusta,MSA,South Carolina,0.6783034303947231,0.6712127402017238,0.6776580621924619,0.6783235287030235
1303,13,Richmond County,MSA,South Carolina,0.6783034303947231,0.6712127402017238,0.6776580621924619,0.6783235287030235
1304,13,Brunswick,MSA,Georgia,0.6504059601701405,0.6398194432667055,0.6522415324863653,0.6497036892344668
1308,13,Macon,CSA,Georgia,0.5728338046303592,0.5711926267079587,0.5735591116527562,0.5730515608004899
1308,13,Warner Robins,CSA,Georgia,0.5728338046303592,0.5711926267079587,0.5735591116527562,0.5730515608004899
1309,13,Rome,CSA,Georgia,0.5776732540453131,0.575887915081939,0.5744699425111865,0.5764587425724783
1309,13,Summerville,CSA,Georgia,0.5776732540453131,0.575887915081939,0.5744699425111865,0.5764587425724783
1310,13,Savannah,CSA,Georgia,0.5110655142826325,0.5197407846707988,0.5355542810353611,0.5190476915863552
1310,13,Hinesville,CSA,Georgia,0.5110655142826325,0.5197407846707988,0.5355542810353611,0.5190476915863552
1310,13,Statesboro,CSA,Georgia,0.5110655142826325,0.5197407846707988,0.5355542810353611,0.5190476915863552
1312,13,Valdosta,MSA,Georgia,0.6690513448063221,0.665969470196331,0.6713861446694316,0.6703507708011696
1399,13,Remainder of Georgia,RS,Georgia,0.7154581755032989,0.7167487800865848,0.7133467535539888,0.7129445917637356
1601,16,Boise City,CSA,Oregon,0.5063763958429395,0.5085436839477733,0.5013386642401139,0.5015594226970768
1601,16,Mountain Home,CSA,Oregon,0.5063763958429395,0.5085436839477733,0.5013386642401139,0.5015594226970768
1601,16,Ontario,CSA,Oregon,0.5063763958429395,0.5085436839477733,0.5013386642401139,0.5015594226970768
1602,16,Idaho Falls,CSA,Idaho,0.46640568392083454,0.45950278668300903,0.5554025005947425,0.5558543527795488
1602,16,Rexburg,CSA,Idaho,0.46640568392083454,0.45950278668300903,0.5554025005947425,0.5558543527795488
1602,16,Blackfoot,CSA,Idaho,0.46640568392083454,0.45950278668300903,0.5554025005947425,0.5558543527795488
1603,16,Lewiston,MSA,Washington,0.5524492131961494,0.5489913595674895,0.5319090176828967,0.5417711738000381
1604,16,Logan,MSA,Idaho,0.48291764894282335,0.47934424399384346,0.49983048774980704,0.49866178848708004
1605,16,Pocatello,MSA,Idaho,0.5366999345298673,0.4945684251461797,0.5377389152854722,0.5395824896454027
1606,16,Pullman,CSA,Idaho,0.6010058026999416,0.5997056411593285,0.573838026615887,0.5836958803441875
1606,16,Moscow,CSA,Idaho,0.6010058026999416,0.5997056411593285,0.573838026615887,0.5836958803441875
1607,16,Spokane,CSA,Idaho,0.6244305254150471,0.6197077102737282,0.6147818231202763,0.6194356779446636
1607,16,Spokane Valley,CSA,Idaho,0.6244305254150471,0.6197077102737282,0.6147818231202763,0.6194356779446636
1607,16,Coeur d'Alene,CSA,Idaho,0.6244305254150471,0.6197077102737282,0.6147818231202763,0.6194356779446636
1699,16,Remainder of Idaho,RS,Idaho,0.531984426837464,0.5275678735433117,0.48766127214635213,0.49031846996658784
1701,17,Bloomington,CSA,Illinois,0.6690560265760002,0.6675334226284908,0.6559345260205791,0.6533777985345219
1701,17,Pontiac,CSA,Illinois,0.6690560265760002,0.6675334226284908,0.6559345260205791,0.6533777985345219
1702,17,Cape Girardeau,CSA,Illinois,0.6440496853922544,0.6445078568413833,0.6559496320779237,0.6541072724372204
1702,17,Sikeston,CSA,Illinois,0.6440496853922544,0.6445078568413833,0.6559496320779237,0.6541072724372204
1703,17,Carbondale,MSA,Illinois,0.6925742084420095,0.6947360884685594,0.7021290380212076,0.6988513470184329
1703,17,Marion,MSA,Illinois,0.6925742084420095,0.6947360884685594,0.7021290380212076,0.6988513470184329
1704,17,Champaign,MSA,Illinois,0.6352894986165986,0.6361621422596441,0.638175568564577,0.645377249838762
1704,17,Urbana,MSA,Illinois,0.6352894986165986,0.6361621422596441,0.638175568564577,0.645377249838762
1705,17,Chicago,CSA,Wisconsin,0.6561709175979127,0.6483276933638439,0.6674957574565369,0.6448833216002743
1705,17,Naperville,CSA,Wisconsin,0.6561709175979127,0.6483276933638439,0.6674957574565369,0.6448833216002743
1706,17,Danville,MSA,Illinois,0.6629200868291627,0.6596448930802222,0.6562575096192345,0.6742557356162808
1708,17,Decatur,MSA,Illinois,0.6578633610147048,0.6580674668454234,0.6627541388781233,0.6495520628004313
1709,17,Dixon,CSA,Illinois,0.7160451872303931,0.7156408684743657,0.7115332252389761,0.7093329800241025
1709,17,Sterling,CSA,Illinois,0.7160451872303931,0.7156408684743657,0.7115332252389761,0.7093329800241025
1710,17,Paducah,CSA,Illinois,0.6401679258818531,0.630560829690343,0.6151491530524082,0.6392824033554987
1710,17,Mayfield,CSA,Illinois,0.6401679258818531,0.630560829690343,0.6151491530524082,0.6392824033554987
1711,17,Peoria,CSA,Illinois,0.6453895973738111,0.6471993678969965,0.6178186835666059,0.6386155975871008
1711,17,Canton,CSA,Illinois,0.6453895973738111,0.6471993678969965,0.6178186835666059,0.6386155975871008
1712,17,Quincy,CSA,Missouri,0.6567362743084377,0.6573811338743382,0.6753315342614462,0.6724417679440853
1712,17,Hannibal,CSA,Missouri,0.6567362743084377,0.6573811338743382,0.6753315342614462,0.6724417679440853
1713,17,Rockford,CSA,Illinois,0.6444980420354569,0.6344906901421108,0.6250388754280856,0.6413547647611993
1713,17,Freeport,CSA,Illinois,0.6444980420354569,0.6344906901421108,0.6250388754280856,0.6413547647611993
1713,17,Rochelle,CSA,Illinois,0.6444980420354569,0.6344906901421108,0.6250388754280856,0.6413547647611993
1714,17,Springfield,CSA,Illinois,0.5985406809460248,0.5975677669315042,0.5888761284227523,0.5982086917680157
1714,17,Jacksonville,CSA,Illinois,0.5985406809460248,0.5975677669315042,0.5888761284227523,0.5982086917680157
1714,17,Lincoln,CSA,Illinois,0.5985406809460248,0.5975677669315042,0.5888761284227523,0.5982086917680157
1715,17,St. Louis,CSA,Illinois,0.6968733678323897,0.7069175242469711,0.7242370913804158,0.6991138453789064
1715,17,St. Charles,CSA,Illinois,0.6968733678323897,0.7069175242469711,0.7242370913804158,0.6991138453789064
1715,17,Farmington,CSA,Illinois,0.6968733678323897,0.7069175242469711,0.7242370913804158,0.6991138453789064
1799,17,Remainder of Illinois,RS,Illinois,0.6380382144313179,0.6381633423181283,0.6386646155830785,0.6368933277960679
1801,18,Bloomington,CSA,Indiana,0.40803453240956017,0.3901500595241968,0.38489960384499755,0.39212625320676164
1801,18,Bedford,CSA,Indiana,0.40803453240956017,0.3901500595241968,0.38489960384499755,0.39212625320676164
1803,18,Cincinnati,CSA,Indiana,0.6051048780300909,0.6006515846253528,0.605020233864609,0.6151648813051271
1803,18,Wilmington,CSA,Indiana,0.6051048780300909,0.6006515846253528,0.605020233864609,0.6151648813051271
1803,18,Maysville,CSA,Indiana,0.6051048780300909,0.6006515846253528,0.605020233864609,0.6151648813051271
1804,18,Evansville,MSA,Kentucky,0.4367847791219691,0.4323807479186816,0.4299616724653302,0.4321296709785018
1805,18,Fort Wayne,CSA,Indiana,0.5752929048024217,0.5763010487217439,0.5777859614495289,0.5724318926434453
1805,18,Huntington,CSA,Indiana,0.5752929048024217,0.5763010487217439,0.5777859614495289,0.5724318926434453
1805,18,Auburn,CSA,Indiana,0.5752929048024217,0.5763010487217439,0.5777859614495289,0.5724318926434453
1806,18,Indianapolis,CSA,Indiana,0.5808724819586198,0.5780342580361184,0.5904863872461528,0.5856414979183722
1806,18,Carmel,CSA,Indiana,0.5808724819586198,0.5780342580361184,0.5904863872461528,0.5856414979183722
1806,18,Muncie,CSA,Indiana,0.5808724819586198,0.5780342580361184,0.5904863872461528,0.5856414979183722
1807,18,Kokomo,CSA,Indiana,0.4984083023414485,0.48846752460116916,0.49789315752285446,0.4905593515831208
1807,18,Peru,CSA,Indiana,0.4984083023414485,0.48846752460116916,0.49789315752285446,0.4905593515831208
1808,18,Lafayette,CSA,Indiana,0.48622028419259977,0.4798456638618154,0.4823069671009218,0.48315118044562194
1808,18,West Lafayette,CSA,Indiana,0.48622028419259977,0.4798456638618154,0.4823069671009218,0.48315118044562194
1808,18,Frankfort,CSA,Indiana,0.48622028419259977,0.4798456638618154,0.4823069671009218,0.48315118044562194
1809,18,Louisville/Jefferson County,CSA,Indiana,0.6396056369461202,0.6341774576289065,0.6413443081262888,0.6373165462724922
1809,18,,CSA,Indiana,0.6396056369461202,0.6341774576289065,0.6413443081262888,0.6373165462724922
1809,18,Elizabethtown,CSA,Indiana,0.6396056369461202,0.6341774576289065,0.6413443081262888,0.6373165462724922
1809,18,,CSA,Indiana,0.6396056369461202,0.6341774576289065,0.6413443081262888,0.6373165462724922
1809,18,Madison,CSA,Indiana,0.6396056369461202,0.6341774576289065,0.6413443081262888,0.6373165462724922
1810,18,Richmond,CSA,Indiana,0.4682213962846795,0.46402792532699577,0.468170853595345,0.46432793263472505
1810,18,Connersville,CSA,Indiana,0.4682213962846795,0.46402792532699577,0.468170853595345,0.46432793263472505
1811,18,South Bend,CSA,Michigan,0.5184629225946858,0.5353407044356441,0.5068827199854748,0.5078026598000336
1811,18,Elkhart,CSA,Michigan,0.5184629225946858,0.5353407044356441,0.5068827199854748,0.5078026598000336
1811,18,Mishawaka,CSA,Michigan,0.5184629225946858,0.5353407044356441,0.5068827199854748,0.5078026598000336
1812,18,Terre Haute,MSA,Indiana,0.4288032724451085,0.42359377945910137,0.4251144639514016,0.4253754608878595
1899,18,Remainder of Indiana,RS,Indiana,0.5746666232814587,0.5770364131108927,0.5809353827173536,0.5757432632922912
1901,19,Cedar Rapids,CSA,Iowa,0.5143407730605944,0.5025742851593034,0.4707633933430928,0.4926822846473212
1901,19,Iowa City,CSA,Iowa,0.5143407730605944,0.5025742851593034,0.4707633933430928,0.4926822846473212
1902,19,Davenport,CSA,Illinois,0.6318511851700133,0.6195489882401923,0.5570021273356396,0.6200836092799327
1902,19,Moline,CSA,Illinois,0.6318511851700133,0.6195489882401923,0.5570021273356396,0.6200836092799327
1903,19,Des Moines,CSA,Iowa,0.4848421668249434,0.45093416563039335,0.4402417789763311,0.4636865483421559
1903,19,Ames,CSA,Iowa,0.4848421668249434,0.45093416563039335,0.4402417789763311,0.4636865483421559
1903,19,West Des Moines,CSA,Iowa,0.4848421668249434,0.45093416563039335,0.4402417789763311,0.4636865483421559
1904,19,Dubuque,MSA,Iowa,0.45026294200377065,0.41758696816350827,0.5205424924060695,0.42915823727263736
1905,19,Omaha,CSA,Iowa,0.6944793664933131,0.6602753615887278,0.6332449526060961,0.6934972540563792
1905,19,Council Bluffs,CSA,Iowa,0.6944793664933131,0.6602753615887278,0.6332449526060961,0.6934972540563792
1905,19,Fremont,CSA,Iowa,0.6944793664933131,0.6602753615887278,0.6332449526060961,0.6934972540563792
1906,19,Sioux City,CSA,Nebraska,0.6046161821789666,0.5926912916532613,0.5799559606545551,0.6572314493195406
1906,19,Vermillion,CSA,Nebraska,0.6046161821789666,0.5926912916532613,0.5799559606545551,0.6572314493195406
1907,19,Waterloo,MSA,Iowa,0.4449721208211376,0.41533941738649305,0.5174209435656981,0.42947580646677397
1907,19,Cedar Falls,MSA,Iowa,0.4449721208211376,0.41533941738649305,0.5174209435656981,0.42947580646677397
1999,19,Remainder of Iowa,RS,Iowa,0.6605294713726366,0.6188562908952397,0.7002894355346223,0.6557973887806652
2001,20,Kansas City,CSA,Kansas,0.723821318376084,0.7528868943133995,0.7557320498347753,0.727580726085214
2001,20,Overland Park,CSA,Kansas,0.723821318376084,0.7528868943133995,0.7557320498347753,0.727580726085214
2001,20,Kansas City,CSA,Kansas,0.723821318376084,0.7528868943133995,0.7557320498347753,0.727580726085214
2002,20,Manhattan,CSA,Kansas,0.4790098411081172,0.5047424505190934,0.5058116151645133,0.49274846597375827
2002,20,Junction City,CSA,Kansas,0.4790098411081172,0.5047424505190934,0.5058116151645133,0.49274846597375827
2003,20,Topeka,MSA,Kansas,0.4945934805426211,0.5252127498456234,0.4965195493967426,0.4861825159566366
2004,20,Wichita,CSA,Kansas,0.5256496695584225,0.4219669443629786,0.5236327812377825,0.525827041676407
2004,20,Arkansas City,CSA,Kansas,0.5256496695584225,0.4219669443629786,0.5236327812377825,0.525827041676407
2004,20,Winfield,CSA,Kansas,0.5256496695584225,0.4219669443629786,0.5236327812377825,0.525827041676407
2099,20,Remainder of Kansas,RS,Kansas,0.6358866209197052,0.6575487117941465,0.6744041381563877,0.6653654869949239
2101,21,Bowling Green,CSA,Kentucky,0.5991819442281607,0.5958225034515005,0.5969870570880207,0.5970691887731419
2101,21,Glasgow,CSA,Kentucky,0.5991819442281607,0.5958225034515005,0.5969870570880207,0.5970691887731419
2102,21,Charleston,CSA,Kentucky,0.5584198893635146,0.5375197337620556,0.5633370655308275,0.5646797045760062
2102,21,Huntington,CSA,Kentucky,0.5584198893635146,0.5375197337620556,0.5633370655308275,0.5646797045760062
2102,21,Ashland,CSA,Kentucky,0.5584198893635146,0.5375197337620556,0.5633370655308275,0.5646797045760062
2104,21,Clarksville,MSA,Kentucky,0.6064254666090098,0.5980574197586477,0.6150981659763399,0.6107689871526448
2106,21,Lexington,CSA,Kentucky,0.6307505815192109,0.6206102317034826,0.6296365257314115,0.6315641723725253
2106,21,Fayette,CSA,Kentucky,0.6307505815192109,0.6206102317034826,0.6296365257314115,0.6315641723725253
2106,21,,CSA,Kentucky,0.6307505815192109,0.6206102317034826,0.6296365257314115,0.6315641723725253
2106,21,Richmond,CSA,Kentucky,0.6307505815192109,0.6206102317034826,0.6296365257314115,0.6315641723725253
2106,21,,CSA,Kentucky,0.6307505815192109,0.6206102317034826,0.6296365257314115,0.6315641723725253
2106,21,Frankfort,CSA,Kentucky,0.6307505815192109,0.6206102317034826,0.6296365257314115,0.6315641723725253
2108,21,Martin,CSA,Kentucky,0.7513634700760352,0.7409134354528201,0.6761647835643233,0.6746977125234388
2108,21,Union City,CSA,Kentucky,0.7513634700760352,0.7409134354528201,0.6761647835643233,0.6746977125234388
2109,21,Owensboro,MSA,Kentucky,0.5378038033275653,0.5271956637927104,0.5377133657667464,0.5390306219339208
2199,21,Remainder of Kentucky,RS,Kentucky,0.693464005042807,0.6836107283468706,0.6920051913906533,0.6936773267525281
2201,22,Alexandria,MSA,Louisiana,0.5045202558540242,0.5024726658584354,0.517201247413526,0.5174160907639166
2202,22,Baton Rouge,MSA,Louisiana,0.584669495680087,0.5861313719860012,0.5905565469706537,0.5936346066481848
2203,22,DeRidder,CSA,Louisiana,0.44190198548123505,0.4443210427579195,0.45354718698696805,0.45305004988186437
2203,22,Fort Polk South,CSA,Louisiana,0.44190198548123505,0.4443210427579195,0.45354718698696805,0.45305004988186437
2204,22,Houma,MSA,Louisiana,0.42786015100301017,0.43058885300455635,0.43086460314619685,0.4301902681177521
2204,22,Thibodaux,MSA,Louisiana,0.42786015100301017,0.43058885300455635,0.43086460314619685,0.4301902681177521
2205,22,Lafayette,CSA,Louisiana,0.5407767674542281,0.5427892676321471,0.5492271167428204,0.5477504402864289
2205,22,Opelousas,CSA,Louisiana,0.5407767674542281,0.5427892676321471,0.5492271167428204,0.5477504402864289
2205,22,Morgan City,CSA,Louisiana,0.5407767674542281,0.5427892676321471,0.5492271167428204,0.5477504402864289
2206,22,Lake Charles,MSA,Louisiana,0.317215569547303,0.3150406309684241,0.31741395201760564,0.31820073543376803
2207,22,Monroe,CSA,Louisiana,0.5490043890366103,0.5484106155733623,0.524095893686201,0.5546481662799954
2207,22,Ruston,CSA,Louisiana,0.5490043890366103,0.5484106155733623,0.524095893686201,0.5546481662799954
2207,22,Bastrop,CSA,Louisiana,0.5490043890366103,0.5484106155733623,0.524095893686201,0.5546481662799954
2208,22,New Orleans,CSA,Mississippi,0.6746656504868065,0.6653716354395071,0.6774677598148451,0.6728813420293568
2208,22,Metairie,CSA,Mississippi,0.6746656504868065,0.6653716354395071,0.6774677598148451,0.6728813420293568
2208,22,Hammond,CSA,Mississippi,0.6746656504868065,0.6653716354395071,0.6774677598148451,0.6728813420293568
2209,22,Shreveport,MSA,Louisiana,0.5197214652957021,0.5232015757140884,0.5215698514099182,0.5218193763382005
2209,22,Bossier City,MSA,Louisiana,0.5197214652957021,0.5232015757140884,0.5215698514099182,0.5218193763382005
2299,22,Remainder of Louisiana,RS,Louisiana,0.5876495642957673,0.5885123318040046,0.591619786553348,0.5956749011817101
2301,23,Bangor,MSA,Maine,0.3346091107558675,0.3299742656936917,0.3275543131787969,0.33204584741766974
2302,23,Portland,CSA,Maine,0.4175380986798143,0.41419131023138145,0.41020649970661416,0.41409123442924134
2302,23,Lewiston,CSA,Maine,0.4175380986798143,0.41419131023138145,0.41020649970661416,0.41409123442924134
2302,23,South Portland,CSA,Maine,0.4175380986798143,0.41419131023138145,0.41020649970661416,0.41409123442924134
2399,23,Remainder of Maine,RS,Maine,0.4586185648212603,0.445546089256297,0.46170382867384774,0.4591625985499987
2401,24,Baltimore,MSA,Maryland,0.5774298511449972,0.5773840319026792,0.5744763730117705,0.5752312404837613
2401,24,Columbia,MSA,Maryland,0.5774298511449972,0.5773840319026792,0.5744763730117705,0.5752312404837613
2401,24,Towson,MSA,Maryland,0.5774298511449972,0.5773840319026792,0.5744763730117705,0.5752312404837613
2402,24,Cumberland,MSA,West Virginia,0.6779325976598518,0.6734999325746935,0.6782970655287763,0.6763761639231927
2499,24,Remainder of Maryland,RS,Maryland,0.6074841604707841,0.6035588002048395,0.6021869031233753,0.6011369364846877
2502,25,Pittsfield,MSA,Massachusetts,0.39811454318582096,0.4181461068312863,0.40643430417440085,0.4081274652395921
2503,25,Springfield,CSA,Massachusetts,0.40664536648351524,0.4142244702359785,0.41642294971030314,0.4175210587816838
2503,25,Greenfield Town,CSA,Massachusetts,0.40664536648351524,0.4142244702359785,0.41642294971030314,0.4175210587816838
2599,25,Remainder of Massachusetts,RS,Massachusetts,0.4735885609244298,0.4843496989596927,0.5235786423319566,0.5032280717831504
2601,26,Detroit,CSA,Michigan,0.6224214952947553,0.632766465697898,0.6248469656175604,0.6251811243501284
2601,26,Warren,CSA,Michigan,0.6224214952947553,0.632766465697898,0.6248469656175604,0.6251811243501284
2601,26,Ann Arbor,CSA,Michigan,0.6224214952947553,0.632766465697898,0.6248469656175604,0.6251811243501284
2602,26,Grand Rapids,CSA,Michigan,0.6479855259767396,0.6440038084987069,0.6516192281810255,0.6454883798414122
2602,26,Wyoming,CSA,Michigan,0.6479855259767396,0.6440038084987069,0.6516192281810255,0.6454883798414122
2602,26,Muskegon,CSA,Michigan,0.6479855259767396,0.6440038084987069,0.6516192281810255,0.6454883798414122
2603,26,Jackson,MSA,Michigan,0.56566346261524,0.561736417909138,0.5673569512271747,0.5668510978340706
2604,26,Kalamazoo,CSA,Michigan,0.576257610513916,0.6142669209481367,0.580684397222601,0.5743020846663592
2604,26,Battle Creek,CSA,Michigan,0.576257610513916,0.6142669209481367,0.580684397222601,0.5743020846663592
2604,26,Portage,CSA,Michigan,0.576257610513916,0.6142669209481367,0.580684397222601,0.5743020846663592
2605,26,Lansing,CSA,Michigan,0.6080410948209436,0.6054253908350304,0.6042058469193021,0.6061445625126006
2605,26,East Lansing,CSA,Michigan,0.6080410948209436,0.6054253908350304,0.6042058469193021,0.6061445625126006
2605,26,Owosso,CSA,Michigan,0.6080410948209436,0.6054253908350304,0.6042058469193021,0.6061445625126006
2606,26,Mount Pleasant,CSA,Michigan,0.6289099957320705,0.6171216244363373,0.6275555019357963,0.6276514828839124
2606,26,Alma,CSA,Michigan,0.6289099957320705,0.6171216244363373,0.6275555019357963,0.6276514828839124
2607,26,Saginaw,CSA,Michigan,0.5017243505057316,0.5116993337529834,0.49199972942657877,0.4922391827971828
2607,26,Midland,CSA,Michigan,0.5017243505057316,0.5116993337529834,0.49199972942657877,0.4922391827971828
2607,26,Bay City,CSA,Michigan,0.5017243505057316,0.5116993337529834,0.49199972942657877,0.4922391827971828
2699,26,Remainder of Michigan,RS,Michigan,0.6109296261036623,0.6068722949849887,0.6221631771124506,0.6144764213688798
2701,27,Duluth,MSA,Wisconsin,0.48014812138511803,0.48476363574595854,0.49521951391264685,0.48993662326769294
2702,27,Fargo,CSA,Minnesota,0.5594222107403436,0.5596353933121005,0.5360369557293698,0.5617198008391433
2702,27,Wahpeton,CSA,Minnesota,0.5594222107403436,0.5596353933121005,0.5360369557293698,0.5617198008391433
2703,27,Grand Forks,MSA,Minnesota,0.4786575266946539,0.4727807890826149,0.4651592735076603,0.47972632437587137
2704,27,La Crosse,MSA,Minnesota,0.5405232761065152,0.5281389822054176,0.5177803884231158,0.5328126952746076
2704,27,Onalaska,MSA,Minnesota,0.5405232761065152,0.5281389822054176,0.5177803884231158,0.5328126952746076
2705,27,Mankato,CSA,Minnesota,0.4912647357700802,0.5135850223477777,0.46067292502986745,0.49556368010251484
2705,27,New Ulm,CSA,Minnesota,0.4912647357700802,0.5135850223477777,0.46067292502986745,0.49556368010251484
2705,27,North Mankato,CSA,Minnesota,0.4912647357700802,0.5135850223477777,0.46067292502986745,0.49556368010251484
2706,27,Minneapolis,CSA,Wisconsin,0.6547879861756924,0.6563332450242947,0.6616018883285207,0.6562400545236104
2706,27,St. Paul,CSA,Wisconsin,0.6547879861756924,0.6563332450242947,0.6616018883285207,0.6562400545236104
2707,27,Rochester,CSA,Minnesota,0.47876458133118804,0.4795574886763243,0.4427976931694142,0.4811184358078847
2707,27,Austin,CSA,Minnesota,0.47876458133118804,0.4795574886763243,0.4427976931694142,0.4811184358078847
2799,27,Remainder of Minnesota,RS,Minnesota,0.616501298676092,0.6054930966683645,0.5426527282421513,0.6208368393501138
2801,28,Cleveland,CSA,Mississippi,0.7710978723267762,0.7703233676329623,0.7283233036506768,0.7157916927369169
2801,28,Indianola,CSA,Mississippi,0.7710978723267762,0.7703233676329623,0.7283233036506768,0.7157916927369169
2802,28,Gulfport,MSA,Mississippi,0.6050686900044489,0.6053641047827204,0.5941509981693525,0.5901943256240295
2802,28,Biloxi,MSA,Mississippi,0.6050686900044489,0.6053641047827204,0.5941509981693525,0.5901943256240295
2802,28,Pascagoula,MSA,Mississippi,0.6050686900044489,0.6053641047827204,0.5941509981693525,0.5901943256240295
2803,28,Hattiesburg,MSA,Mississippi,0.68536004122269,0.6899619291284022,0.6806040143371276,0.6792444488499628
2804,28,Jackson,CSA,Mississippi,0.5118244208812219,0.5151186153231699,0.5005559097915774,0.498412710455544
2804,28,Vicksburg,CSA,Mississippi,0.5118244208812219,0.5151186153231699,0.5005559097915774,0.498412710455544
2804,28,Brookhaven,CSA,Mississippi,0.5118244208812219,0.5151186153231699,0.5005559097915774,0.498412710455544
2899,28,Remainder of Mississippi,RS,Mississippi,0.7601887915058153,0.7616950426055329,0.7171354451439416,0.7543814488146129
2902,29,Columbia,CSA,Missouri,0.5709458946319929,0.5946959334934899,0.5962617842995529,0.5925944018836606
2902,29,Moberly,CSA,Missouri,0.5709458946319929,0.5946959334934899,0.5962617842995529,0.5925944018836606
2902,29,Mexico,CSA,Missouri,0.5709458946319929,0.5946959334934899,0.5962617842995529,0.5925944018836606
2904,29,Jefferson City,MSA,Missouri,0.488083330564297,0.5015982529946259,0.5067466882141796,0.5007114363718659
2905,29,Joplin,CSA,Oklahoma,0.6103310338030149,0.6051021794338605,0.6197224336960718,0.6196524726171042
2905,29,Miami,CSA,Oklahoma,0.6103310338030149,0.6051021794338605,0.6197224336960718,0.6196524726171042
2908,29,Springfield,CSA,Missouri,0.5136081095948944,0.5244412724521035,0.5261297170512559,0.5289727640092823
2908,29,Branson,CSA,Missouri,0.5136081095948944,0.5244412724521035,0.5261297170512559,0.5289727640092823
2999,29,Remainder of Missouri,RS,Missouri,0.5483076794181331,0.5490049670924071,0.5584988414962502,0.5621618056660763
3001,30,Billings,MSA,Montana,0.49535165509831885,0.49083897778030217,0.47901809847819105,0.4804373864996498
3002,30,Great Falls,MSA,Montana,0.4151314151178401,0.4093530677781368,0.410090251301765,0.4113123468670474
3003,30,Missoula,MSA,Montana,0.3819394823919225,0.390141838219906,0.3347035172999682,0.378089594724363
3099,30,Remainder of Montana,RS,Montana,0.5102821771122893,0.5019765099517468,0.4961569413389004,0.4972671359238831
3101,31,Grand Island,MSA,Nebraska,0.4332596788971074,0.36524268551065714,0.44626021899831997,0.44127355890423403
3102,31,Lincoln,CSA,Nebraska,0.4693968901393215,0.45669951008480447,0.41248885164921173,0.42689804991072067
3102,31,Beatrice,CSA,Nebraska,0.4693968901393215,0.45669951008480447,0.41248885164921173,0.42689804991072067
3199,31,Remainder of Nebraska,RS,Nebraska,0.6857491611520664,0.6817822029870786,0.6852466595402722,0.6759752213599829
3202,32,Reno,CSA,Nevada,0.4228644414348118,0.41335725804492596,0.4233312121469087,0.42214444591070166
3202,32,Carson City,CSA,Nevada,0.4228644414348118,0.41335725804492596,0.4233312121469087,0.42214444591070166
3202,32,Fernley,CSA,Nevada,0.4228644414348118,0.41335725804492596,0.4233312121469087,0.42214444591070166
3299,32,Remainder of Nevada,RS,Nevada,0.4222795175850986,0.4163980080227704,0.421567720879283,0.42614242910347677
3399,33,Remainder of New Hampshire,RS,New Hampshire,0.18184888935410431,0.17771334730432198,0.17741746839212919,0.15682466630701444
3501,35,Albuquerque,CSA,New Mexico,0.6059816249226724,0.5966611695465716,0.6083351006900533,0.6072815052200854
3501,35,Santa Fe,CSA,New Mexico,0.6059816249226724,0.5966611695465716,0.6083351006900533,0.6072815052200854
3501,35,Las Vegas,CSA,New Mexico,0.6059816249226724,0.5966611695465716,0.6083351006900533,0.6072815052200854
3502,35,Clovis,CSA,New Mexico,0.6261867113061648,0.6185191712341552,0.6273492759210842,0.6260633347382059
3502,35,Portales,CSA,New Mexico,0.6261867113061648,0.6185191712341552,0.6273492759210842,0.6260633347382059
3503,35,El Paso,CSA,New Mexico,0.5246616456771214,0.5168393291231228,0.5164480842305325,0.5235866266651452
3503,35,Las Cruces,CSA,New Mexico,0.5246616456771214,0.5168393291231228,0.5164480842305325,0.5235866266651452
3504,35,Farmington,MSA,New Mexico,0.6521278535636021,0.6416607942752648,0.6580916977732902,0.6560041542863595
3599,35,Remainder of New Mexico,New,New Mexico,0.5648369581992194,0.5539136935000084,0.5645942159442688,0.5633617136762046
3601,36,Albany,CSA,New York,0.6051481079046337,0.6018320389749633,0.614710781730093,0.6174772491451246
3601,36,Schenectady,CSA,New York,0.6051481079046337,0.6018320389749633,0.614710781730093,0.6174772491451246
3602,36,Binghamton,MSA,New York,0.5267425043171697,0.5239913533672658,0.5270010869122995,0.5247401601658668
3603,36,Buffalo,CSA,New York,0.6894104136956397,0.688596861783559,0.6926276501122827,0.6907914936104361
3603,36,Cheektowaga,CSA,New York,0.6894104136956397,0.688596861783559,0.6926276501122827,0.6907914936104361
3604,36,Elmira,CSA,New York,0.4256086713118774,0.41867770457494896,0.4037653011683821,0.41672050852752085
3604,36,Corning,CSA,New York,0.4256086713118774,0.41867770457494896,0.4037653011683821,0.41672050852752085
3605,36,Ithaca,CSA,New York,0.5903884481479974,0.5840304607857294,0.5550216002958842,0.5841534783437863
3605,36,Cortland,CSA,New York,0.5903884481479974,0.5840304607857294,0.5550216002958842,0.5841534783437863
3607,36,Rochester,CSA,New York,0.6209069747170844,0.6241376347727162,0.6254557056856201,0.6261050397781615
3607,36,Batavia,CSA,New York,0.6209069747170844,0.6241376347727162,0.6254557056856201,0.6261050397781615
3607,36,Seneca Falls,CSA,New York,0.6209069747170844,0.6241376347727162,0.6254557056856201,0.6261050397781615
3608,36,Syracuse,CSA,New York,0.5177767134724616,0.5147913291601273,0.515041391576325,0.513280626437677
3608,36,Auburn,CSA,New York,0.5177767134724616,0.5147913291601273,0.515041391576325,0.513280626437677
3609,36,Utica,MSA,New York,0.5343578728842762,0.5332088994271921,0.5299612258686596,0.5303560495677906
3609,36,Rome,MSA,New York,0.5343578728842762,0.5332088994271921,0.5299612258686596,0.5303560495677906
3610,36,Watertown,MSA,New York,0.5279670381454119,0.5219138319599272,0.5230772839191646,0.5207466645180363
3610,36,Fort Drum,MSA,New York,0.5279670381454119,0.5219138319599272,0.5230772839191646,0.5207466645180363
3699,36,Remainder of New York,New,New York,0.615817945331209,0.6095890235382089,0.6068701821932228,0.6095609932453979
3701,37,Asheville,CSA,North Carolina,0.630360960916304,0.6204692395085373,0.6238825805533489,0.6243417898829495
3701,37,Brevard,CSA,North Carolina,0.630360960916304,0.6204692395085373,0.6238825805533489,0.6243417898829495
3703,37,Fayetteville,CSA,North Carolina,0.6452347376535508,0.6381331079184875,0.641927235309073,0.6430849161709089
3703,37,Lumberton,CSA,North Carolina,0.6452347376535508,0.6381331079184875,0.641927235309073,0.6430849161709089
3703,37,Laurinburg,CSA,North Carolina,0.6452347376535508,0.6381331079184875,0.641927235309073,0.6430849161709089
3704,37,Goldsboro,MSA,North Carolina,0.6177531843071886,0.6079249815220741,0.6144340589014361,0.6155434059980582
3705,37,Greensboro,CSA,North Carolina,0.6876322526389294,0.676168977289467,0.6840807320922792,0.6885638030055856
3705,37,,CSA,North Carolina,0.6876322526389294,0.676168977289467,0.6840807320922792,0.6885638030055856
3705,37,Winston,CSA,North Carolina,0.6876322526389294,0.676168977289467,0.6840807320922792,0.6885638030055856
3705,37,Salem,CSA,North Carolina,0.6876322526389294,0.676168977289467,0.6840807320922792,0.6885638030055856
3705,37,,CSA,North Carolina,0.6876322526389294,0.676168977289467,0.6840807320922792,0.6885638030055856
3705,37,High Point,CSA,North Carolina,0.6876322526389294,0.676168977289467,0.6840807320922792,0.6885638030055856
3706,37,Greenville,CSA,North Carolina,0.7199515882098431,0.7143848850405269,0.7180670545649019,0.718060466898135
3706,37,Washington,CSA,North Carolina,0.7199515882098431,0.7143848850405269,0.7180670545649019,0.718060466898135
3707,37,Hickory,CSA,North Carolina,0.6374459598166387,0.6308716899237058,0.6348975249841234,0.6359295832249209
3707,37,Lenoir,CSA,North Carolina,0.6374459598166387,0.6308716899237058,0.6348975249841234,0.6359295832249209
3708,37,Jacksonville,MSA,North Carolina,0.6312018093327029,0.6254065556073389,0.6318350102768345,0.6311784556114907
3709,37,Myrtle Beach,CSA,North Carolina,0.6450115770163585,0.6397680812681044,0.6470867793217333,0.6487187228924223
3709,37,Conway,CSA,North Carolina,0.6450115770163585,0.6397680812681044,0.6470867793217333,0.6487187228924223
3710,37,New Bern,CSA,North Carolina,0.5855284397977503,0.5765287063013919,0.5855039651652585,0.5867819298014841
3710,37,Morehead City,CSA,North Carolina,0.5855284397977503,0.5765287063013919,0.5855039651652585,0.5867819298014841
3711,37,Raleigh,CSA,North Carolina,0.706607298323226,0.6982076353478426,0.7178246710639402,0.7123193691040337
3711,37,Durham,CSA,North Carolina,0.706607298323226,0.6982076353478426,0.7178246710639402,0.7123193691040337
3711,37,Chapel Hill,CSA,North Carolina,0.706607298323226,0.6982076353478426,0.7178246710639402,0.7123193691040337
3712,37,Rocky Mount,CSA,North Carolina,0.7380654209047082,0.7339564823080229,0.7374254357597325,0.7374370925806919
3712,37,Wilson,CSA,North Carolina,0.7380654209047082,0.7339564823080229,0.7374254357597325,0.7374370925806919
3712,37,Roanoke Rapids,CSA,North Carolina,0.7380654209047082,0.7339564823080229,0.7374254357597325,0.7374370925806919
3713,37,Virginia Beach,CSA,North Carolina,0.6281305967025992,0.6242494451552032,0.6338549746927106,0.6297809543616106
3713,37,Norfolk,CSA,North Carolina,0.6281305967025992,0.6242494451552032,0.6338549746927106,0.6297809543616106
3714,37,Wilmington,MSA,North Carolina,0.7002893437423933,0.6936511224715346,0.6962727830937564,0.6980202311061912
3799,37,Remainder of North Carolina,North,North Carolina,0.7312261965290602,0.7261368069531337,0.7160695697999804,0.7299754206644243
3801,38,Bismarck,MSA,North Dakota,0.4310595051969955,0.41928628185890887,0.42591304772754873,0.42549567419038714
3899,38,Remainder of North Dakota,North,North Dakota,0.5339923248741203,0.5319010026667117,0.5184099748445672,0.5315931204217024
3903,39,Cleveland,CSA,Ohio,0.5647323571093237,0.5655001981586225,0.5665008284169559,0.572442064490766
3903,39,Akron,CSA,Ohio,0.5647323571093237,0.5655001981586225,0.5665008284169559,0.572442064490766
3903,39,Canton,CSA,Ohio,0.5647323571093237,0.5655001981586225,0.5665008284169559,0.572442064490766
3904,39,Columbus,CSA,Ohio,0.5178789793767526,0.5156756225186103,0.5183005544270399,0.5163693824182266
3904,39,Marion,CSA,Ohio,0.5178789793767526,0.5156756225186103,0.5183005544270399,0.5163693824182266
3904,39,Zanesville,CSA,Ohio,0.5178789793767526,0.5156756225186103,0.5183005544270399,0.5163693824182266
3905,39,Dayton,CSA,Ohio,0.5342418139003662,0.5275469085441753,0.554195901210858,0.5365295793979545
3905,39,Springfield,CSA,Ohio,0.5342418139003662,0.5275469085441753,0.554195901210858,0.5365295793979545
3905,39,Sidney,CSA,Ohio,0.5342418139003662,0.5275469085441753,0.554195901210858,0.5365295793979545
3906,39,Findlay,CSA,Ohio,0.518888776567586,0.5226041230784859,0.528511585615054,0.5288345291717162
3906,39,Tiffin,CSA,Ohio,0.518888776567586,0.5226041230784859,0.528511585615054,0.5288345291717162
3907,39,Lima,CSA,Ohio,0.5971548501738488,0.5986636545352356,0.6154410049473706,0.6128865956839268
3907,39,Van Wert,CSA,Ohio,0.5971548501738488,0.5986636545352356,0.6154410049473706,0.6128865956839268
3907,39,Celina,CSA,Ohio,0.5971548501738488,0.5986636545352356,0.6154410049473706,0.6128865956839268
3908,39,Mansfield,CSA,Ohio,0.539083430354581,0.5429464764871625,0.5464834425187608,0.5488035637049575
3908,39,Ashland,CSA,Ohio,0.539083430354581,0.5429464764871625,0.5464834425187608,0.5488035637049575
3908,39,Bucyrus,CSA,Ohio,0.539083430354581,0.5429464764871625,0.5464834425187608,0.5488035637049575
3909,39,Parkersburg,CSA,Ohio,0.43782920841277384,0.43989174756027527,0.4419615724702415,0.4439692804898236
3909,39,Marietta,CSA,Ohio,0.43782920841277384,0.43989174756027527,0.4419615724702415,0.4439692804898236
3909,39,Vienna,CSA,Ohio,0.43782920841277384,0.43989174756027527,0.4419615724702415,0.4439692804898236
3911,39,Toledo,CSA,Ohio,0.592016986395941,0.5912821394413461,0.5937364154625531,0.5991304466523018
3911,39,Port Clinton,CSA,Ohio,0.592016986395941,0.5912821394413461,0.5937364154625531,0.5991304466523018
3912,39,Wheeling,MSA,Ohio,0.5544825834716303,0.5505311971182713,0.5483470785484656,0.5515475497512671
3913,39,Youngstown,CSA,Pennsylvania,0.7319236042650964,0.7290319048838162,0.7371906781037177,0.7356738071336856
3913,39,Warren,CSA,Pennsylvania,0.7319236042650964,0.7290319048838162,0.7371906781037177,0.7356738071336856
3999,39,Remainder of Ohio,RS,Ohio,0.5618450105721569,0.567229379437107,0.5796229573949815,0.5786543546546743
4001,40,Dallas,CSA,Oklahoma,0.7235275222668477,0.7018269089103633,0.7485895208117038,0.7438340643746362
4001,40,Fort Worth,CSA,Oklahoma,0.7235275222668477,0.7018269089103633,0.7485895208117038,0.7438340643746362
4004,40,Lawton,MSA,Oklahoma,0.5187224131654506,0.5416521167112576,0.5312327321805892,0.5300045280644001
4005,40,Oklahoma City,CSA,Oklahoma,0.6476122807043925,0.649717429914963,0.6608388719737168,0.6646753339269837
4005,40,Shawnee,CSA,Oklahoma,0.6476122807043925,0.649717429914963,0.6608388719737168,0.6646753339269837
4006,40,Tulsa,CSA,Oklahoma,0.5369664638204813,0.5861627167525256,0.5366869428138025,0.5354123141386549
4006,40,Muskogee,CSA,Oklahoma,0.5369664638204813,0.5861627167525256,0.5366869428138025,0.5354123141386549
4006,40,Bartlesville,CSA,Oklahoma,0.5369664638204813,0.5861627167525256,0.5366869428138025,0.5354123141386549
4099,40,Remainder of Oklahoma,RS,Oklahoma,0.7203042977416988,0.7380801020918009,0.7301648538327221,0.723185219368037
4101,41,Bend,CSA,Oregon,0.3887155152155764,0.39280799048225934,0.39126714873245383,0.38975467386934454
4101,41,Redmond,CSA,Oregon,0.3887155152155764,0.39280799048225934,0.39126714873245383,0.38975467386934454
4101,41,Prineville,CSA,Oregon,0.3887155152155764,0.39280799048225934,0.39126714873245383,0.38975467386934454
4103,41,Eugene,MSA,Oregon,0.30824948288969584,0.30994890001778813,0.3126518535864148,0.3085423476529582
4104,41,Medford,CSA,Oregon,0.3147030771368149,0.3141331556483984,0.2919052355771105,0.313272643469213
4104,41,Grants Pass,CSA,Oregon,0.3147030771368149,0.3141331556483984,0.2919052355771105,0.313272643469213
4105,41,Portland,CSA,Washington,0.6856537828983681,0.6763443067999289,0.6786222374936128,0.6826108093339589
4105,41,Vancouver,CSA,Washington,0.6856537828983681,0.6763443067999289,0.6786222374936128,0.6826108093339589
4105,41,Salem,CSA,Washington,0.6856537828983681,0.6763443067999289,0.6786222374936128,0.6826108093339589
4199,41,Remainder of Oregon,RS,Oregon,0.44177240633071635,0.44201340797833716,0.42938600676767,0.42907068835818096
4201,42,Altoona,MSA,Pennsylvania,0.6065544154171654,0.5902081160402849,0.6083691193251879,0.6047170878161275
4202,42,Bloomsburg,CSA,Pennsylvania,0.7139021799175654,0.7013198683438141,0.7169631785523604,0.7122553232373177
4202,42,Berwick,CSA,Pennsylvania,0.7139021799175654,0.7013198683438141,0.7169631785523604,0.7122553232373177
4202,42,Sunbury,CSA,Pennsylvania,0.7139021799175654,0.7013198683438141,0.7169631785523604,0.7122553232373177
4203,42,Erie,CSA,Pennsylvania,0.6525721948022398,0.6358451735718141,0.6537137192313995,0.6531566334987303
4203,42,Meadville,CSA,Pennsylvania,0.6525721948022398,0.6358451735718141,0.6537137192313995,0.6531566334987303
4204,42,Harrisburg,CSA,Pennsylvania,0.7048772277149837,0.6898059463238677,0.7040711251552553,0.7034499145892574
4204,42,York,CSA,Pennsylvania,0.7048772277149837,0.6898059463238677,0.7040711251552553,0.7034499145892574
4204,42,Lebanon,CSA,Pennsylvania,0.7048772277149837,0.6898059463238677,0.7040711251552553,0.7034499145892574
4205,42,Johnstown,CSA,Pennsylvania,0.7386066979448517,0.7272475433059168,0.7111259402516046,0.7348686204660846
4205,42,Somerset,CSA,Pennsylvania,0.7386066979448517,0.7272475433059168,0.7111259402516046,0.7348686204660846
4206,42,Lancaster,MSA,Pennsylvania,0.7048192706392693,0.6932508459009166,0.7076986271202006,0.704416607459615
4210,42,Scranton,MSA,Pennsylvania,0.6942530413480843,0.6756751591566178,0.6934235437331125,0.6928894484225605
4210,42,,MSA,Pennsylvania,0.6942530413480843,0.6756751591566178,0.6934235437331125,0.6928894484225605
4210,42,Wilkes,MSA,Pennsylvania,0.6942530413480843,0.6756751591566178,0.6934235437331125,0.6928894484225605
4210,42,Barre,MSA,Pennsylvania,0.6942530413480843,0.6756751591566178,0.6934235437331125,0.6928894484225605
4210,42,,MSA,Pennsylvania,0.6942530413480843,0.6756751591566178,0.6934235437331125,0.6928894484225605
4210,42,Hazleton,MSA,Pennsylvania,0.6942530413480843,0.6756751591566178,0.6934235437331125,0.6928894484225605
4211,42,State College,CSA,Pennsylvania,0.6950548913232393,0.6811007382435963,0.6978736772371217,0.692387506112517
4211,42,DuBois,CSA,Pennsylvania,0.6950548913232393,0.6811007382435963,0.6978736772371217,0.692387506112517
4212,42,Williamsport,CSA,Pennsylvania,0.7329511235973226,0.7184477403611187,0.7386456282185598,0.7337298590888705
4212,42,Lock Haven,CSA,Pennsylvania,0.7329511235973226,0.7184477403611187,0.7386456282185598,0.7337298590888705
4299,42,Remainder of Pennsylvania,RS,Pennsylvania,0.7484790854580149,0.7340798303789078,0.7024939554997265,0.7491499298098099
4502,45,Charleston,MSA,South Carolina,0.5000031599007073,0.48460903769031305,0.49694607664187257,0.49598659054109295
4502,45,North Charleston,MSA,South Carolina,0.5000031599007073,0.48460903769031305,0.49694607664187257,0.49598659054109295
4503,45,Charlotte,CSA,South Carolina,0.6110354724317586,0.6052023625817593,0.6131777196460894,0.6131354338353466
4503,45,Concord,CSA,South Carolina,0.6110354724317586,0.6052023625817593,0.6131777196460894,0.6131354338353466
4504,45,Columbia,CSA,South Carolina,0.6928153983032757,0.6900634147202876,0.6981332504462022,0.6970492137288687
4504,45,Orangeburg,CSA,South Carolina,0.6928153983032757,0.6900634147202876,0.6981332504462022,0.6970492137288687
4504,45,Newberry,CSA,South Carolina,0.6928153983032757,0.6900634147202876,0.6981332504462022,0.6970492137288687
4505,45,Florence,MSA,South Carolina,0.5391539177831577,0.5310045612316914,0.5466353306174079,0.5436896479357841
4506,45,Greenville,CSA,South Carolina,0.543901693239899,0.5409695690161644,0.5443526604972361,0.5455420802767772
4506,45,Spartanburg,CSA,South Carolina,0.543901693239899,0.5409695690161644,0.5443526604972361,0.5455420802767772
4506,45,Anderson,CSA,South Carolina,0.543901693239899,0.5409695690161644,0.5443526604972361,0.5455420802767772
4507,45,Hilton Head Island,MSA,South Carolina,0.6022266765294818,0.5978912164779464,0.6132222766069423,0.6117098707123113
4507,45,Bluffton,MSA,South Carolina,0.6022266765294818,0.5978912164779464,0.6132222766069423,0.6117098707123113
4507,45,Beaufort,MSA,South Carolina,0.6022266765294818,0.5978912164779464,0.6132222766069423,0.6117098707123113
4509,45,Sumter,MSA,South Carolina,0.5284729109485448,0.5232671381244505,0.5368972502335537,0.5361111006411217
4599,45,Remainder of South Carolina,South,South Carolina,0.6525603711426752,0.650254143012962,0.6535416562078479,0.6549277611466511
4601,46,Rapid City,CSA,South Dakota,0.3459547850184577,0.4073889057601255,0.3571211496960256,0.3503576999307793
4601,46,Spearfish,CSA,South Dakota,0.3459547850184577,0.4073889057601255,0.3571211496960256,0.3503576999307793
4603,46,Sioux Falls,MSA,South Dakota,0.4473308877852145,0.44431300472793106,0.4329643877762093,0.42439520570137634
4699,46,Remainder of South Dakota,South,South Dakota,0.6346362847653724,0.6200948664466002,0.5913184515106424,0.5846299500101164
4703,47,Jackson,MSA,Tennessee,0.6063466431947377,0.6007347504638395,0.600643003590866,0.6056283816500239
4704,47,Johnson City,CSA,Virginia,0.710520252813024,0.7074139354523531,0.7101571327670687,0.7141000735826272
4704,47,Kingsport,CSA,Virginia,0.710520252813024,0.7074139354523531,0.7101571327670687,0.7141000735826272
4704,47,Bristol,CSA,Virginia,0.710520252813024,0.7074139354523531,0.7101571327670687,0.7141000735826272
4705,47,Knoxville,CSA,Tennessee,0.5944813946121837,0.5922680094513764,0.5968210597502349,0.5981395186688788
4705,47,Morristown,CSA,Tennessee,0.5944813946121837,0.5922680094513764,0.5968210597502349,0.5981395186688788
4705,47,Sevierville,CSA,Tennessee,0.5944813946121837,0.5922680094513764,0.5968210597502349,0.5981395186688788
4708,47,Nashville,CSA,Tennessee,0.6268999263433427,0.612196482812802,0.6186620551926328,0.6174526950763803
4708,47,Davidson,CSA,Tennessee,0.6268999263433427,0.612196482812802,0.6186620551926328,0.6174526950763803
4708,47,,CSA,Tennessee,0.6268999263433427,0.612196482812802,0.6186620551926328,0.6174526950763803
4708,47,Murfreesboro,CSA,Tennessee,0.6268999263433427,0.612196482812802,0.6186620551926328,0.6174526950763803
4799,47,Remainder of Tennessee,RS,Tennessee,0.7239411989551987,0.725317837588298,0.725762502594633,0.7264660181706084
4801,48,Abilene,MSA,Texas,0.6077451216903481,0.5915482599173136,0.606197969981805,0.6061781199139905
4802,48,Amarillo,CSA,Texas,0.6364564276432009,0.6283045744616216,0.6268822427410182,0.6352703357965477
4802,48,Borger,CSA,Texas,0.6364564276432009,0.6283045744616216,0.6268822427410182,0.6352703357965477
4803,48,Austin,MSA,Texas,0.5193359000632475,0.5060427246303323,0.5117125232439671,0.5149992827970573
4803,48,Round Rock,MSA,Texas,0.5193359000632475,0.5060427246303323,0.5117125232439671,0.5149992827970573
4804,48,Beaumont,MSA,Texas,0.27392769968812514,0.27694260423830974,0.2711607348783197,0.26995846976860444
4804,48,Port Arthur,MSA,Texas,0.27392769968812514,0.27694260423830974,0.2711607348783197,0.26995846976860444
4805,48,Brownsville,CSA,Texas,0.6758377536013777,0.6708032678798816,0.6692886864738009,0.6699816290277312
4805,48,Harlingen,CSA,Texas,0.6758377536013777,0.6708032678798816,0.6692886864738009,0.6699816290277312
4805,48,Raymondville,CSA,Texas,0.6758377536013777,0.6708032678798816,0.6692886864738009,0.6699816290277312
4806,48,College Station,MSA,Texas,0.633092566308998,0.6197042658996962,0.6291563612787415,0.6312737779301968
4806,48,Bryan,MSA,Texas,0.633092566308998,0.6197042658996962,0.6291563612787415,0.6312737779301968
4807,48,Corpus Christi,CSA,Texas,0.24261288677298753,0.24165642358643388,0.24196579410044716,0.24197896097465027
4807,48,Kingsville,CSA,Texas,0.24261288677298753,0.24165642358643388,0.24196579410044716,0.24197896097465027
4807,48,Alice,CSA,Texas,0.24261288677298753,0.24165642358643388,0.24196579410044716,0.24197896097465027
4810,48,Houston,CSA,Texas,0.5980505979783226,0.5916050740393215,0.5939733673516193,0.5992673770174604
4810,48,The Woodlands,CSA,Texas,0.5980505979783226,0.5916050740393215,0.5939733673516193,0.5992673770174604
4811,48,Killeen,MSA,Texas,0.6990562986021625,0.6816315201912849,0.7004329808590565,0.7015081200400293
4811,48,Temple,MSA,Texas,0.6990562986021625,0.6816315201912849,0.7004329808590565,0.7015081200400293
4812,48,Laredo,MSA,Texas,0.41275681365822026,0.39937740903209606,0.4183245550054179,0.4123796916359163
4813,48,Longview,CSA,Texas,0.6532610857305513,0.6430947838522775,0.6495917959229888,0.6528446838798109
4813,48,Marshall,CSA,Texas,0.6532610857305513,0.6430947838522775,0.6495917959229888,0.6528446838798109
4814,48,Lubbock,CSA,Texas,0.6099489108018754,0.6027241200956222,0.6081770396578772,0.6091609437341177
4814,48,Levelland,CSA,Texas,0.6099489108018754,0.6027241200956222,0.6081770396578772,0.6091609437341177
4815,48,McAllen,CSA,Texas,0.7004358762304734,0.6939905056997703,0.698221567758083,0.6951824504228705
4815,48,Edinburg,CSA,Texas,0.7004358762304734,0.6939905056997703,0.698221567758083,0.6951824504228705
4816,48,Midland,CSA,Texas,0.6755700258021208,0.6721347267223455,0.6852658898432559,0.6747864719881482
4816,48,Odessa,CSA,Texas,0.6755700258021208,0.6721347267223455,0.6852658898432559,0.6747864719881482
4817,48,San Angelo,MSA,Texas,0.6271613298084906,0.6077744437658225,0.6214261290699197,0.6296164839051056
4818,48,San Antonio,MSA,Texas,0.6957269771564033,0.6844025423098106,0.7020065698293855,0.7018389766819719
4818,48,New Braunfels,MSA,Texas,0.6957269771564033,0.6844025423098106,0.7020065698293855,0.7018389766819719
4820,48,Tyler,CSA,Texas,0.5456956629664476,0.5268346306414742,0.5461479549110032,0.5431070618654354
4820,48,Jacksonville,CSA,Texas,0.5456956629664476,0.5268346306414742,0.5461479549110032,0.5431070618654354
4821,48,Victoria,CSA,Texas,0.6223479744035546,0.6093475717463045,0.6164397990904674,0.6186904010750564
4821,48,Port Lavaca,CSA,Texas,0.6223479744035546,0.6093475717463045,0.6164397990904674,0.6186904010750564
4822,48,Waco,MSA,Texas,0.699539620931458,0.6830941159689439,0.7029027861166837,0.7002489424963017
4823,48,Wichita Falls,MSA,Texas,0.6659177214599461,0.6499385662148904,0.668703715649205,0.661921406077374
4899,48,Remainder of Texas,RS,Texas,0.7292882134296795,0.739300301001784,0.7333027526599102,0.7222116507189267
4902,49,Salt Lake City,CSA,Utah,0.5972456924926773,0.5827484298780587,0.603964164250058,0.6160415540222589
4902,49,Provo,CSA,Utah,0.5972456924926773,0.5827484298780587,0.603964164250058,0.6160415540222589
4902,49,Orem,CSA,Utah,0.5972456924926773,0.5827484298780587,0.603964164250058,0.6160415540222589
4903,49,St. George,MSA,Utah,0.3666913154255399,0.36262367252047023,0.36338360551645965,0.36398713196336013
4999,49,Remainder of Utah,RS,Utah,0.18710781723030517,0.18183576827468348,0.18312866914703824,0.1819941243468184
5001,50,Burlington,MSA,Vermont,0.32553020819972167,0.30603027319446624,0.3065434656981414,0.3086292096591756
5001,50,South Burlington,MSA,Vermont,0.32553020819972167,0.30603027319446624,0.3065434656981414,0.3086292096591756
5099,50,Remainder of Vermont,RS,Vermont,0.45891167759811347,0.4503468314407632,0.4640603093693598,0.4546131018843495
5101,51,Blacksburg,MSA,Virginia,0.6247107941059451,0.6203396866589417,0.6212664226870676,0.6203388062199078
5101,51,Christiansburg,MSA,Virginia,0.6247107941059451,0.6203396866589417,0.6212664226870676,0.6203388062199078
5101,51,Radford,MSA,Virginia,0.6247107941059451,0.6203396866589417,0.6212664226870676,0.6203388062199078
5102,51,Charlottesville,MSA,Virginia,0.6227437185852301,0.6166990425852867,0.6123560511779522,0.6124977232029376
5103,51,Harrisonburg,CSA,Virginia,0.6851060498060997,0.6805892741021216,0.6781727972822347,0.6780621662054189
5103,51,Staunton,CSA,Virginia,0.6851060498060997,0.6805892741021216,0.6781727972822347,0.6780621662054189
5103,51,Waynesboro,CSA,Virginia,0.6851060498060997,0.6805892741021216,0.6781727972822347,0.6780621662054189
5105,51,Lynchburg,MSA,Virginia,0.7241109790566086,0.7207431264675963,0.6979191754780003,0.6976302059339907
5106,51,Richmond,MSA,Virginia,0.7295824284740833,0.7348383810992208,0.7292122136527712,0.7287443575409354
5107,51,Roanoke,MSA,Virginia,0.7518109937889903,0.7466770707473054,0.742286999308442,0.7420000972949139
5199,51,Remainder of Virginia,RS,Virginia,0.7965869929470542,0.7918243425629439,0.8050268449756031,0.7988434665167128
5301,53,Bellingham,MSA,Washington,0.49563632555290404,0.4906017595795309,0.4924274216572906,0.4861244021025068
5302,53,Kennewick,MSA,Washington,0.5966962488984406,0.5932427601373024,0.5125634975542326,0.5901981574006614
5302,53,Richland,MSA,Washington,0.5966962488984406,0.5932427601373024,0.5125634975542326,0.5901981574006614
5304,53,Moses Lake,CSA,Washington,0.5260332995479811,0.5220524586320243,0.4901030418839066,0.5110743240520695
5304,53,Othello,CSA,Washington,0.5260332995479811,0.5220524586320243,0.4901030418839066,0.5110743240520695
5307,53,Seattle,CSA,Washington,0.6406731809633328,0.6282131710671481,0.6454673558733537,0.6353425162506485
5307,53,Tacoma,CSA,Washington,0.6406731809633328,0.6282131710671481,0.6454673558733537,0.6353425162506485
5309,53,Walla Walla,MSA,Washington,0.4789774036537365,0.4760341224177725,0.5079109331293198,0.4704792408637921
5310,53,Wenatchee,MSA,Washington,0.48524813665280864,0.4879128759463591,0.5454024369983252,0.48937036865509975
5311,53,Yakima,MSA,Washington,0.44432941709466,0.44490067057801796,0.45166002251810444,0.435258028443891
5399,53,Remainder of Washington,RS,Washington,0.5774724278470788,0.573090296186735,0.5559208389112604,0.5737788759212632
5401,54,Beckley,MSA,West Virginia,0.5624760488977766,0.5751956645499159,0.556214277805323,0.5558841310809847
5404,54,Morgantown,CSA,West Virginia,0.5201259076820761,0.5524024816527562,0.5174735354280857,0.5175615483578946
5404,54,Fairmont,CSA,West Virginia,0.5201259076820761,0.5524024816527562,0.5174735354280857,0.5175615483578946
5406,54,Pittsburgh,CSA,West Virginia,0.7368726596173794,0.730027675962797,0.7339490284371262,0.7345927192434494
5406,54,New Castle,CSA,West Virginia,0.7368726596173794,0.730027675962797,0.7339490284371262,0.7345927192434494
5406,54,Weirton,CSA,West Virginia,0.7368726596173794,0.730027675962797,0.7339490284371262,0.7345927192434494
5499,54,Remainder of West Virginia,West,West Virginia,0.5634542158405654,0.5597154649660495,0.555625545280416,0.5537360737588268
5501,55,Appleton,CSA,Wisconsin,0.6902952085946965,0.6828973682578741,0.6842340801147588,0.6829585992268528
5501,55,Oshkosh,CSA,Wisconsin,0.6902952085946965,0.6828973682578741,0.6842340801147588,0.6829585992268528
5501,55,Neenah,CSA,Wisconsin,0.6902952085946965,0.6828973682578741,0.6842340801147588,0.6829585992268528
5504,55,Eau Claire,CSA,Wisconsin,0.5822342754265882,0.594816902826372,0.5779432741866639,0.5768961644499284
5504,55,Menomonie,CSA,Wisconsin,0.5822342754265882,0.594816902826372,0.5779432741866639,0.5768961644499284
5505,55,Fond du Lac,MSA,Wisconsin,0.695533210151289,0.6782669843248136,0.6900435629416266,0.6884918371580129
5506,55,Green Bay,CSA,Wisconsin,0.6073639020520568,0.5983010205890725,0.5980773651700049,0.6056842052636472
5506,55,Shawano,CSA,Wisconsin,0.6073639020520568,0.5983010205890725,0.5980773651700049,0.6056842052636472
5508,55,Madison,CSA,Wisconsin,0.6368451872655476,0.6209302952584297,0.6277930829558398,0.633462464656371
5508,55,Janesville,CSA,Wisconsin,0.6368451872655476,0.6209302952584297,0.6277930829558398,0.633462464656371
5508,55,Beloit,CSA,Wisconsin,0.6368451872655476,0.6209302952584297,0.6277930829558398,0.633462464656371
5509,55,Milwaukee,CSA,Wisconsin,0.6485107904731023,0.6348923712896225,0.6473084974231091,0.6432114994027852
5509,55,Racine,CSA,Wisconsin,0.6485107904731023,0.6348923712896225,0.6473084974231091,0.6432114994027852
5509,55,Waukesha,CSA,Wisconsin,0.6485107904731023,0.6348923712896225,0.6473084974231091,0.6432114994027852
5511,55,Sheboygan,MSA,Wisconsin,0.6974311098795771,0.6994576800788523,0.6930983151976177,0.6907508655821804
5512,55,Wausau,CSA,Wisconsin,0.6438460820635781,0.6292609201041289,0.6511796064702002,0.6511629023264098
5512,55,Stevens Point,CSA,Wisconsin,0.6438460820635781,0.6292609201041289,0.6511796064702002,0.6511629023264098
5512,55,Wisconsin Rapids,CSA,Wisconsin,0.6438460820635781,0.6292609201041289,0.6511796064702002,0.6511629023264098
5599,55,Remainder of Wisconsin,RS,Wisconsin,0.6802411429585655,0.6712887948630725,0.6746035893889244,0.681901460770743
5601,56,Casper,MSA,Wyoming,0.511354357017627,0.45298400055785737,0.5212795225494615,0.5194790004713876
5602,56,Cheyenne,MSA,Wyoming,0.3639522866409377,0.34715899234876024,0.37693442401691213,0.37572224811704036
5699,56,Remainder of Wyoming,RS,Wyoming,0.3503025251871755,0.3437428397769601,0.33439695261734315,0.33690734825394825
